Date,Close
,AAPL
2014-01-02,17.192821502685547
2014-01-03,16.815168380737305
2014-01-06,16.906858444213867
2014-01-07,16.785947799682617
2014-01-08,16.892255783081055
2014-01-09,16.67654037475586
2014-01-10,16.56525993347168
2014-01-13,16.651988983154297
2014-01-14,16.983322143554688
2014-01-15,17.324296951293945
2014-01-16,17.227638244628906
2014-01-17,16.80552864074707
2014-01-21,17.066627502441406
2014-01-22,17.142465591430664
2014-01-23,17.287630081176758
2014-01-24,16.973384857177734
2014-01-27,17.11107635498047
2014-01-28,15.743432998657227
2014-01-29,15.56471061706543
2014-01-30,15.534557342529297
2014-01-31,15.560046195983887
2014-02-03,15.58895206451416
2014-02-04,15.814605712890625
2014-02-05,15.932723045349121
2014-02-06,16.025590896606445
2014-02-07,16.249794006347656
2014-02-10,16.54090690612793
2014-02-11,16.75885009765625
2014-02-12,16.75760269165039
2014-02-13,17.023698806762695
2014-02-14,17.009937286376953
2014-02-18,17.072481155395508
2014-02-19,16.80293846130371
2014-02-20,16.608440399169922
2014-02-21,16.423961639404297
2014-02-24,16.49587631225586
2014-02-25,16.324214935302734
2014-02-26,16.17693519592285
2014-02-27,16.499631881713867
2014-02-28,16.454919815063477
2014-03-03,16.5024356842041
2014-03-04,16.611265182495117
2014-03-05,16.646284103393555
2014-03-06,16.595937728881836
2014-03-07,16.58625030517578
2014-03-10,16.601259231567383
2014-03-11,16.762910842895508
2014-03-12,16.7791748046875
2014-03-13,16.592815399169922
2014-03-14,16.406448364257812
2014-03-17,16.470552444458008
2014-03-18,16.616262435913086
2014-03-19,16.61188316345215
2014-03-20,16.531841278076172
2014-03-21,16.662235260009766
2014-03-24,16.85984230041504
2014-03-25,17.04120635986328
2014-03-26,16.8782958984375
2014-03-27,16.80575180053711
2014-03-28,16.78699493408203
2014-03-31,16.783239364624023
2014-04-01,16.936769485473633
2014-04-02,16.964906692504883
2014-04-03,16.84734535217285
2014-04-04,16.629390716552734
2014-04-07,16.368303298950195
2014-04-08,16.367368698120117
2014-04-09,16.582494735717773
2014-04-10,16.368616104125977
2014-04-11,16.247610092163086
2014-04-14,16.312334060668945
2014-04-15,16.196012496948242
2014-04-16,16.228845596313477
2014-04-17,16.41427230834961
2014-04-21,16.609073638916016
2014-04-22,16.625646591186523
2014-04-23,16.408336639404297
2014-04-24,17.75351333618164
2014-04-25,17.8839111328125
2014-04-28,18.576515197753906
2014-04-29,18.521480560302734
2014-04-30,18.451425552368164
2014-05-01,18.494895935058594
2014-05-02,18.529293060302734
2014-05-05,18.79132843017578
2014-05-06,18.586511611938477
2014-05-07,18.521480560302734
2014-05-08,18.488460540771484
2014-05-09,18.411422729492188
2014-05-12,18.640644073486328
2014-05-13,18.669883728027344
2014-05-14,18.6733455657959
2014-05-15,18.51456069946289
2014-05-16,18.787799835205078
2014-05-19,19.010419845581055
2014-05-20,19.01418685913086
2014-05-21,19.06450653076172
2014-05-22,19.094690322875977
2014-05-23,19.31038475036621
2014-05-27,19.67198944091797
2014-05-28,19.62105369567871
2014-05-29,19.97856330871582
2014-05-30,19.903728485107422
2014-06-02,19.766956329345703
2014-06-03,20.04648208618164
2014-06-04,20.275390625
2014-06-05,20.35494041442871
2014-06-06,20.298980712890625
2014-06-09,20.62378692626953
2014-06-10,20.74484634399414
2014-06-11,20.659006118774414
2014-06-12,20.313438415527344
2014-06-13,20.091135025024414
2014-06-16,20.29362678527832
2014-06-17,20.2672119140625
2014-06-18,20.289230346679688
2014-06-19,20.218791961669922
2014-06-20,20.00969696044922
2014-06-23,19.992088317871094
2014-06-24,19.871034622192383
2014-06-25,19.888641357421875
2014-06-26,20.007497787475586
2014-06-27,20.24520492553711
2014-06-30,20.45430564880371
2014-07-01,20.58416748046875
2014-07-02,20.575361251831055
2014-07-03,20.696422576904297
2014-07-07,21.123424530029297
2014-07-08,20.986957550048828
2014-07-09,20.995765686035156
2014-07-10,20.918733596801758
2014-07-11,20.958343505859375
2014-07-14,21.22907257080078
2014-07-15,20.980361938476562
2014-07-16,20.86150360107422
2014-07-17,20.48952293395996
2014-07-18,20.78446388244629
2014-07-21,20.67661476135254
2014-07-22,20.84829330444336
2014-07-23,21.391948699951172
2014-07-24,21.356735229492188
2014-07-25,21.497600555419922
2014-07-28,21.79474639892578
2014-07-29,21.653871536254883
2014-07-30,21.603252410888672
2014-07-31,21.041982650756836
2014-08-01,21.15863800048828
2014-08-04,21.03978157043457
2014-08-05,20.93634033203125
2014-08-06,20.901119232177734
2014-08-07,20.898910522460938
2014-08-08,20.956418991088867
2014-08-11,21.23291778564453
2014-08-12,21.22849464416504
2014-08-13,21.509418487548828
2014-08-14,21.566923141479492
2014-08-15,21.673099517822266
2014-08-18,21.93412208557129
2014-08-19,22.237157821655273
2014-08-20,22.246009826660156
2014-08-21,22.24822425842285
2014-08-22,22.411903381347656
2014-08-25,22.4605712890625
2014-08-26,22.316797256469727
2014-08-27,22.59108543395996
2014-08-28,22.61762237548828
2014-08-29,22.67292594909668
2014-09-02,22.84988784790039
2014-09-03,21.885454177856445
2014-09-04,21.704076766967773
2014-09-05,21.89210319519043
2014-09-08,21.757164001464844
2014-09-09,21.675312042236328
2014-09-10,22.34111976623535
2014-09-11,22.436241149902344
2014-09-12,22.487117767333984
2014-09-15,22.48047637939453
2014-09-16,22.31015396118164
2014-09-17,22.46941566467285
2014-09-18,22.515871047973633
2014-09-19,22.332273483276367
2014-09-22,22.354393005371094
2014-09-23,22.70389175415039
2014-09-24,22.507030487060547
2014-09-25,21.648773193359375
2014-09-26,22.28582763671875
2014-09-29,22.144258499145508
2014-09-30,22.28582763671875
2014-10-01,21.938541412353516
2014-10-02,22.09780502319336
2014-10-03,22.03586769104004
2014-10-06,22.03586769104004
2014-10-07,21.84342384338379
2014-10-08,22.296884536743164
2014-10-09,22.345556259155273
2014-10-10,22.281404495239258
2014-10-13,22.077898025512695
2014-10-14,21.84342384338379
2014-10-15,21.575775146484375
2014-10-16,21.292640686035156
2014-10-17,21.604530334472656
2014-10-20,22.066835403442383
2014-10-21,22.666284561157227
2014-10-22,22.781312942504883
2014-10-23,23.188316345214844
2014-10-24,23.274587631225586
2014-10-27,23.250259399414062
2014-10-28,23.61081314086914
2014-10-29,23.7435302734375
2014-10-30,23.663896560668945
2014-10-31,23.8895206451416
2014-11-03,24.19920539855957
2014-11-04,24.022239685058594
2014-11-05,24.07975196838379
2014-11-06,24.148624420166016
2014-11-07,24.217491149902344
2014-11-10,24.177499771118164
2014-11-11,24.37078094482422
2014-11-12,24.715126037597656
2014-11-13,25.06391716003418
2014-11-14,25.36605453491211
2014-11-17,25.32383918762207
2014-11-18,25.652631759643555
2014-11-19,25.474899291992188
2014-11-20,25.8392391204834
2014-11-21,25.87479019165039
2014-11-24,26.35465431213379
2014-11-25,26.125829696655273
2014-11-26,26.436847686767578
2014-11-28,26.421300888061523
2014-12-01,25.56377601623535
2014-12-02,25.466018676757812
2014-12-03,25.75482940673828
2014-12-04,25.657075881958008
2014-12-05,25.5482234954834
2014-12-08,24.97060775756836
2014-12-09,25.352720260620117
2014-12-10,24.870634078979492
2014-12-11,24.797317504882812
2014-12-12,24.377439498901367
2014-12-15,24.044204711914062
2014-12-16,23.715410232543945
2014-12-17,24.30634880065918
2014-12-18,25.026140213012695
2014-12-19,24.832862854003906
2014-12-22,25.090578079223633
2014-12-23,25.001707077026367
2014-12-24,24.883968353271484
2014-12-26,25.32383918762207
2014-12-29,25.30606460571289
2014-12-30,24.99726104736328
2014-12-31,24.521841049194336
2015-01-02,24.288576126098633
2015-01-05,23.604328155517578
2015-01-06,23.606555938720703
2015-01-07,23.937570571899414
2015-01-08,24.8572998046875
2015-01-09,24.883968353271484
2015-01-12,24.27081298828125
2015-01-13,24.486305236816406
2015-01-14,24.392993927001953
2015-01-15,23.73096466064453
2015-01-16,23.54656410217285
2015-01-20,24.153064727783203
2015-01-21,24.337453842163086
2015-01-22,24.97060775756836
2015-01-23,25.09946060180664
2015-01-26,25.126121520996094
2015-01-27,24.246376037597656
2015-01-28,25.617088317871094
2015-01-29,26.41463279724121
2015-01-30,26.02808380126953
2015-02-02,26.35465431213379
2015-02-03,26.35909652709961
2015-02-04,26.561264038085938
2015-02-05,26.75084686279297
2015-02-06,26.52557373046875
2015-02-09,26.701772689819336
2015-02-10,27.214754104614258
2015-02-11,27.852636337280273
2015-02-12,28.205034255981445
2015-02-13,28.34331512451172
2015-02-17,28.510589599609375
2015-02-18,28.709089279174805
2015-02-19,28.648874282836914
2015-02-20,28.883068084716797
2015-02-23,29.663681030273438
2015-02-24,29.478561401367188
2015-02-25,28.724708557128906
2015-02-26,29.088253021240234
2015-02-27,28.651098251342773
2015-03-02,28.79161834716797
2015-03-03,28.851839065551758
2015-03-04,28.668941497802734
2015-03-05,28.193880081176758
2015-03-06,28.236257553100586
2015-03-09,28.3566951751709
2015-03-10,27.770112991333008
2015-03-11,27.263822555541992
2015-03-12,27.756736755371094
2015-03-13,27.564922332763672
2015-03-16,27.868249893188477
2015-03-17,28.334388732910156
2015-03-18,28.65333366394043
2015-03-19,28.436994552612305
2015-03-20,28.080135345458984
2015-03-23,28.372304916381836
2015-03-24,28.256332397460938
2015-03-25,27.51808738708496
2015-03-26,27.70988655090332
2015-03-27,27.489089965820312
2015-03-30,28.184953689575195
2015-03-31,27.752273559570312
2015-04-01,27.71212387084961
2015-04-02,27.950769424438477
2015-04-06,28.403533935546875
2015-04-07,28.104663848876953
2015-04-08,28.013219833374023
2015-04-09,28.227333068847656
2015-04-10,28.347776412963867
2015-04-13,28.292015075683594
2015-04-14,28.169353485107422
2015-04-15,28.276399612426758
2015-04-16,28.140348434448242
2015-04-17,27.823637008666992
2015-04-20,28.459291458129883
2015-04-21,28.305395126342773
2015-04-22,28.686784744262695
2015-04-23,28.920970916748047
2015-04-24,29.057025909423828
2015-04-27,29.585613250732422
2015-04-28,29.119482040405273
2015-04-29,28.691247940063477
2015-04-30,27.912857055664062
2015-05-01,28.760395050048828
2015-05-04,28.704633712768555
2015-05-05,28.057828903198242
2015-05-06,27.881629943847656
2015-05-07,28.054086685180664
2015-05-08,28.582651138305664
2015-05-11,28.291492462158203
2015-05-12,28.190711975097656
2015-05-13,28.222064971923828
2015-05-14,28.880525588989258
2015-05-15,28.840206146240234
2015-05-18,29.15824317932129
2015-05-19,29.131372451782227
2015-05-20,29.129121780395508
2015-05-21,29.427000045776367
2015-05-22,29.68455696105957
2015-05-26,29.030580520629883
2015-05-27,29.57257080078125
2015-05-28,29.514347076416016
2015-05-29,29.178396224975586
2015-06-01,29.236631393432617
2015-06-02,29.10672950744629
2015-06-03,29.142562866210938
2015-06-04,28.97235679626465
2015-06-05,28.813331604003906
2015-06-08,28.622961044311523
2015-06-09,28.53785514831543
2015-06-10,28.864852905273438
2015-06-11,28.799896240234375
2015-06-12,28.48186683654785
2015-06-15,28.425870895385742
2015-06-16,28.578166961669922
2015-06-17,28.51097869873047
2015-06-18,28.64087677001953
2015-06-19,28.35420036315918
2015-06-22,28.580408096313477
2015-06-23,28.450511932373047
2015-06-24,28.692394256591797
2015-06-25,28.55577278137207
2015-06-26,28.387800216674805
2015-06-29,27.890586853027344
2015-06-30,28.092159271240234
2015-07-01,28.35420036315918
2015-07-02,28.31836700439453
2015-07-06,28.219818115234375
2015-07-07,28.150392532348633
2015-07-08,27.451614379882812
2015-07-09,26.89170265197754
2015-07-10,27.61063003540039
2015-07-13,28.143672943115234
2015-07-14,28.132476806640625
2015-07-15,28.403478622436523
2015-07-16,28.781980514526367
2015-07-17,29.030580520629883
2015-07-20,29.579307556152344
2015-07-21,29.283660888671875
2015-07-22,28.045127868652344
2015-07-23,28.031688690185547
2015-07-24,27.88387107849121
2015-07-27,27.496414184570312
2015-07-28,27.633024215698242
2015-07-29,27.545684814453125
2015-07-30,27.406818389892578
2015-07-31,27.167177200317383
2015-08-03,26.526634216308594
2015-08-04,25.675554275512695
2015-08-05,25.84576988220215
2015-08-06,25.902015686035156
2015-08-07,25.989757537841797
2015-08-10,26.934675216674805
2015-08-11,25.533042907714844
2015-08-12,25.92676544189453
2015-08-13,25.906518936157227
2015-08-14,26.0887508392334
2015-08-17,26.358726501464844
2015-08-18,26.21024513244629
2015-08-19,25.87502098083496
2015-08-20,25.34406280517578
2015-08-21,23.79395866394043
2015-08-24,23.19999885559082
2015-08-25,23.339488983154297
2015-08-26,24.67812728881836
2015-08-27,25.404809951782227
2015-08-28,25.488054275512695
2015-08-31,25.368810653686523
2015-09-01,24.234912872314453
2015-09-02,25.27431297302246
2015-09-03,24.831111907958984
2015-09-04,24.583629608154297
2015-09-08,25.26756477355957
2015-09-09,24.7816162109375
2015-09-10,25.32606315612793
2015-09-11,25.69503402709961
2015-09-14,25.9425106048584
2015-09-15,26.160749435424805
2015-09-16,26.189998626708984
2015-09-17,25.62978744506836
2015-09-18,25.5240478515625
2015-09-21,25.92000961303711
2015-09-22,25.512798309326172
2015-09-23,25.719785690307617
2015-09-24,25.872766494750977
2015-09-25,25.80752944946289
2015-09-28,25.29682159423828
2015-09-29,24.536380767822266
2015-09-30,24.81536102294922
2015-10-01,24.65337371826172
2015-10-02,24.833356857299805
2015-10-05,24.923351287841797
2015-10-06,25.042593002319336
2015-10-07,24.923351287841797
2015-10-08,24.635379791259766
2015-10-09,25.22482681274414
2015-10-12,25.107837677001953
2015-10-13,25.15057945251465
2015-10-14,24.79511070251465
2015-10-15,25.166332244873047
2015-10-16,24.981847763061523
2015-10-19,25.137081146240234
2015-10-20,25.596040725708008
2015-10-21,25.593793869018555
2015-10-22,25.985261917114258
2015-10-23,26.790693283081055
2015-10-26,25.935760498046875
2015-10-27,25.771530151367188
2015-10-28,26.83343505859375
2015-10-29,27.116912841796875
2015-10-30,26.885175704956055
2015-11-02,27.263151168823242
2015-11-03,27.575870513916016
2015-11-04,27.447635650634766
2015-11-05,27.321102142333984
2015-11-06,27.35272789001465
2015-11-09,27.242023468017578
2015-11-10,26.383438110351562
2015-11-11,26.23431968688965
2015-11-12,26.146198272705078
2015-11-13,25.382509231567383
2015-11-16,25.798242568969727
2015-11-17,25.687532424926758
2015-11-18,26.500932693481445
2015-11-19,26.837581634521484
2015-11-20,26.9550724029541
2015-11-23,26.6048583984375
2015-11-24,26.860179901123047
2015-11-25,26.66812515258789
2015-11-27,26.618419647216797
2015-11-30,26.72913360595703
2015-12-01,26.512229919433594
2015-12-02,26.272720336914062
2015-12-03,26.028705596923828
2015-12-04,26.894071578979492
2015-12-07,26.72461700439453
2015-12-08,26.713319778442383
2015-12-09,26.12360191345215
2015-12-10,26.24787139892578
2015-12-11,25.572301864624023
2015-12-14,25.414138793945312
2015-12-15,24.964515686035156
2015-12-16,25.15656852722168
2015-12-17,24.623340606689453
2015-12-18,23.956804275512695
2015-12-21,24.250532150268555
2015-12-22,24.227937698364258
2015-12-23,24.53973960876465
2015-12-24,24.408689498901367
2015-12-28,24.135303497314453
2015-12-29,24.569108963012695
2015-12-30,24.248273849487305
2015-12-31,23.782825469970703
2016-01-04,23.80315589904785
2016-01-05,23.206676483154297
2016-01-06,22.752521514892578
2016-01-07,21.792264938354492
2016-01-08,21.90749740600586
2016-01-11,22.262231826782227
2016-01-12,22.5853328704834
2016-01-13,22.004650115966797
2016-01-14,22.48590660095215
2016-01-15,21.945903778076172
2016-01-19,21.83971405029297
2016-01-20,21.869083404541016
2016-01-21,21.75836944580078
2016-01-22,22.915197372436523
2016-01-25,22.467836380004883
2016-01-26,22.59210777282715
2016-01-27,21.107656478881836
2016-01-28,21.259037017822266
2016-01-29,21.993356704711914
2016-02-01,21.787742614746094
2016-02-02,21.34715461730957
2016-02-03,21.769672393798828
2016-02-04,21.944589614868164
2016-02-05,21.358491897583008
2016-02-08,21.58338165283203
2016-02-09,21.57884979248047
2016-02-10,21.4152774810791
2016-02-11,21.285791397094727
2016-02-12,21.351675033569336
2016-02-16,21.95367431640625
2016-02-17,22.28988265991211
2016-02-18,21.867347717285156
2016-02-19,21.8173770904541
2016-02-22,22.008197784423828
2016-02-23,21.510690689086914
2016-02-24,21.83100128173828
2016-02-25,21.980939865112305
2016-02-26,22.0150146484375
2016-02-29,21.965036392211914
2016-03-01,22.837371826171875
2016-03-02,22.887344360351562
2016-03-03,23.05771827697754
2016-03-04,23.400745391845703
2016-03-07,23.141769409179688
2016-03-08,22.950946807861328
2016-03-09,22.971399307250977
2016-03-10,22.98275375366211
2016-03-11,23.230369567871094
2016-03-14,23.289430618286133
2016-03-15,23.757404327392578
2016-03-16,24.073171615600586
2016-03-17,24.0345516204834
2016-03-18,24.061805725097656
2016-03-21,24.059541702270508
2016-03-22,24.243547439575195
2016-03-23,24.109514236450195
2016-03-24,24.005016326904297
2016-03-28,23.89597511291504
2016-03-29,24.461631774902344
2016-03-30,24.888708114624023
2016-03-31,24.759218215942383
2016-04-01,24.986392974853516
2016-04-04,25.24308967590332
2016-04-05,24.945499420166016
2016-04-06,25.206743240356445
2016-04-07,24.65699005126953
2016-04-08,24.684253692626953
2016-04-11,24.766036987304688
2016-04-12,25.08861541748047
2016-04-13,25.452091217041016
2016-04-14,25.46572494506836
2016-04-15,24.954587936401367
2016-04-18,24.41619300842285
2016-04-19,24.28671646118164
2016-04-20,24.336692810058594
2016-04-21,24.073171615600586
2016-04-22,24.007287979125977
2016-04-25,23.870988845825195
2016-04-26,23.705154418945312
2016-04-27,22.22173500061035
2016-04-28,21.542499542236328
2016-04-29,21.294883728027344
2016-05-02,21.272171020507812
2016-05-03,21.622007369995117
2016-05-04,21.39711570739746
2016-05-05,21.310258865356445
2016-05-06,21.191415786743164
2016-05-09,21.207414627075195
2016-05-10,21.351396560668945
2016-05-11,21.143417358398438
2016-05-12,20.647457122802734
2016-05-13,20.6885986328125
2016-05-16,21.456531524658203
2016-05-17,21.367401123046875
2016-05-18,21.61195182800293
2016-05-19,21.52967643737793
2016-05-20,21.76279640197754
2016-05-23,22.039335250854492
2016-05-24,22.375316619873047
2016-05-25,22.7684326171875
2016-05-26,22.948984146118164
2016-05-27,22.935274124145508
2016-05-31,22.823278427124023
2016-06-01,22.503311157226562
2016-06-02,22.334178924560547
2016-06-03,22.379880905151367
2016-06-06,22.542156219482422
2016-06-07,22.633581161499023
2016-06-08,22.61301040649414
2016-06-09,22.77528953552246
2016-06-10,22.587871551513672
2016-06-13,22.247323989868164
2016-06-14,22.27475357055664
2016-06-15,22.201614379882812
2016-06-16,22.29532814025879
2016-06-17,21.787935256958008
2016-06-20,21.73537254333496
2016-06-21,21.920494079589844
2016-06-22,21.838218688964844
2016-06-23,21.963918685913086
2016-06-24,21.346826553344727
2016-06-27,21.03599739074707
2016-06-28,21.39025115966797
2016-06-29,21.575382232666016
2016-06-30,21.849651336669922
2016-07-01,21.915925979614258
2016-07-05,21.71023178100586
2016-07-06,21.833641052246094
2016-07-07,21.927349090576172
2016-07-08,22.096479415893555
2016-07-11,22.16504669189453
2016-07-12,22.26561164855957
2016-07-13,22.139907836914062
2016-07-14,22.5787296295166
2016-07-15,22.576440811157227
2016-07-18,22.816425323486328
2016-07-19,22.8255672454834
2016-07-20,22.846134185791016
2016-07-21,22.725006103515625
2016-07-22,22.54901885986328
2016-07-25,22.247323989868164
2016-07-26,22.094192504882812
2016-07-27,23.52951431274414
2016-07-28,23.847196578979492
2016-07-29,23.81748390197754
2016-08-01,24.238027572631836
2016-08-02,23.87919044494629
2016-08-03,24.17859649658203
2016-08-04,24.32796287536621
2016-08-05,24.697921752929688
2016-08-08,24.902435302734375
2016-08-09,25.0035457611084
2016-08-10,24.817419052124023
2016-08-11,24.801328659057617
2016-08-12,24.858779907226562
2016-08-15,25.157508850097656
2016-08-16,25.1345272064209
2016-08-17,25.097763061523438
2016-08-18,25.065595626831055
2016-08-19,25.129928588867188
2016-08-22,24.934612274169922
2016-08-23,25.012739181518555
2016-08-24,24.824308395385742
2016-08-25,24.718603134155273
2016-08-26,24.573837280273438
2016-08-29,24.546262741088867
2016-08-30,24.357833862304688
2016-08-31,24.38081169128418
2016-09-01,24.52558135986328
2016-09-02,24.755369186401367
2016-09-06,24.748477935791016
2016-09-07,24.900144577026367
2016-09-08,24.247535705566406
2016-09-09,23.698333740234375
2016-09-12,24.229154586791992
2016-09-13,24.805917739868164
2016-09-14,25.683727264404297
2016-09-15,26.556930541992188
2016-09-16,26.407569885253906
2016-09-19,26.09964942932129
2016-09-20,26.09735107421875
2016-09-21,26.092758178710938
2016-09-22,26.338634490966797
2016-09-23,25.89972686767578
2016-09-26,25.938800811767578
2016-09-27,25.987045288085938
2016-09-28,26.184673309326172
2016-09-29,25.77794647216797
2016-09-30,25.977859497070312
2016-10-03,25.85607147216797
2016-10-04,25.966373443603516
2016-10-05,25.977859497070312
2016-10-06,26.17088508605957
2016-10-07,26.20994758605957
2016-10-10,26.667240142822266
2016-10-11,26.72468376159668
2016-10-12,26.963661193847656
2016-10-13,26.88094139099121
2016-10-14,27.03030014038086
2016-10-17,27.011920928955078
2016-10-18,26.9935359954834
2016-10-19,26.913108825683594
2016-10-20,26.899324417114258
2016-10-21,26.79361915588379
2016-10-24,27.034900665283203
2016-10-25,27.17276954650879
2016-10-26,26.561527252197266
2016-10-27,26.306459426879883
2016-10-28,26.131818771362305
2016-10-31,26.09046173095703
2016-11-01,25.619382858276367
2016-11-02,25.642366409301758
2016-11-03,25.367507934570312
2016-11-04,25.138851165771484
2016-11-07,25.501474380493164
2016-11-08,25.651607513427734
2016-11-09,25.610027313232422
2016-11-10,24.89632797241211
2016-11-11,25.04414939880371
2016-11-14,24.415908813476562
2016-11-15,24.73927116394043
2016-11-16,25.404462814331055
2016-11-17,25.39522361755371
2016-11-18,25.420639038085938
2016-11-21,25.806354522705078
2016-11-22,25.822526931762695
2016-11-23,25.690874099731445
2016-11-25,25.82021713256836
2016-11-28,25.769399642944336
2016-11-29,25.743999481201172
2016-11-30,25.52688217163086
2016-12-01,25.28898048400879
2016-12-02,25.383678436279297
2016-12-05,25.20121192932129
2016-12-06,25.39522361755371
2016-12-07,25.644676208496094
2016-12-08,25.89643096923828
2016-12-09,26.31910514831543
2016-12-12,26.168983459472656
2016-12-13,26.605510711669922
2016-12-14,26.605510711669922
2016-12-15,26.75102996826172
2016-12-16,26.785676956176758
2016-12-19,26.940425872802734
2016-12-20,27.012020111083984
2016-12-21,27.037431716918945
2016-12-22,26.859580993652344
2016-12-23,26.912694931030273
2016-12-27,27.0836181640625
2016-12-28,26.968143463134766
2016-12-29,26.961210250854492
2016-12-30,26.75102996826172
2017-01-03,26.827247619628906
2017-01-04,26.79722023010254
2017-01-05,26.93349266052246
2017-01-06,27.233753204345703
2017-01-09,27.48320198059082
2017-01-10,27.51091957092285
2017-01-11,27.65873908996582
2017-01-12,27.543258666992188
2017-01-13,27.494752883911133
2017-01-17,27.71648597717285
2017-01-18,27.71417236328125
2017-01-19,27.665664672851562
2017-01-20,27.71648597717285
2017-01-23,27.734962463378906
2017-01-24,27.709548950195312
2017-01-25,28.150705337524414
2017-01-26,28.164566040039062
2017-01-27,28.16688346862793
2017-01-30,28.092971801757812
2017-01-31,28.028297424316406
2017-02-01,29.737472534179688
2017-02-02,29.686662673950195
2017-02-03,29.813697814941406
2017-02-06,30.093168258666992
2017-02-07,30.37956428527832
2017-02-08,30.49736976623535
2017-02-09,30.717744827270508
2017-02-10,30.648151397705078
2017-02-13,30.919565200805664
2017-02-14,31.320880889892578
2017-02-15,31.434534072875977
2017-02-16,31.397417068481445
2017-02-17,31.48325538635254
2017-02-21,31.710588455200195
2017-02-22,31.80569839477539
2017-02-23,31.671154022216797
2017-02-24,31.70131492614746
2017-02-27,31.76395034790039
2017-02-28,31.777849197387695
2017-03-01,32.4273681640625
2017-03-02,32.234832763671875
2017-03-03,32.42505645751953
2017-03-06,32.32297897338867
2017-03-07,32.36474609375
2017-03-08,32.24412536621094
2017-03-09,32.16988754272461
2017-03-10,32.27660369873047
2017-03-13,32.29051208496094
2017-03-14,32.24180221557617
2017-03-15,32.582801818847656
2017-03-16,32.63615036010742
2017-03-17,32.47377395629883
2017-03-20,32.81476593017578
2017-03-21,32.438968658447266
2017-03-22,32.80548858642578
2017-03-23,32.689510345458984
2017-03-24,32.62456130981445
2017-03-27,32.680233001708984
2017-03-28,33.35758972167969
2017-03-29,33.431819915771484
2017-03-30,33.38773727416992
2017-03-31,33.32509994506836
2017-04-03,33.33439254760742
2017-04-04,33.582603454589844
2017-04-05,33.40861892700195
2017-04-06,33.32509994506836
2017-04-07,33.25087356567383
2017-04-10,33.21144485473633
2017-04-11,32.85420608520508
2017-04-12,32.893638610839844
2017-04-13,32.719661712646484
2017-04-17,32.90060043334961
2017-04-18,32.754459381103516
2017-04-19,32.63384246826172
2017-04-20,33.04210662841797
2017-04-21,33.00265884399414
2017-04-24,33.32046890258789
2017-04-25,33.52692413330078
2017-04-26,33.32975387573242
2017-04-27,33.35526657104492
2017-04-28,33.32278823852539
2017-05-01,34.00246810913086
2017-05-02,34.21820068359375
2017-05-03,34.11381912231445
2017-05-04,33.990867614746094
2017-05-05,34.554569244384766
2017-05-08,35.494049072265625
2017-05-09,35.721370697021484
2017-05-10,35.55204391479492
2017-05-11,35.859500885009766
2017-05-12,36.36029815673828
2017-05-15,36.26712417602539
2017-05-16,36.213558197021484
2017-05-17,34.9976692199707
2017-05-18,35.53108215332031
2017-05-19,35.65219497680664
2017-05-22,35.86882781982422
2017-05-23,35.8245735168457
2017-05-24,35.71742630004883
2017-05-25,35.84086608886719
2017-05-26,35.780311584472656
2017-05-30,35.79427719116211
2017-05-31,35.58232498168945
2017-06-01,35.68014907836914
2017-06-02,36.20890808105469
2017-06-05,35.8548469543457
2017-06-06,35.97597885131836
2017-06-07,36.19025421142578
2017-06-08,36.10175704956055
2017-06-09,34.70184326171875
2017-06-12,33.87261199951172
2017-06-13,34.145145416259766
2017-06-14,33.81206130981445
2017-06-15,33.60940933227539
2017-06-16,33.138885498046875
2017-06-19,34.086910247802734
2017-06-20,33.777122497558594
2017-06-21,33.97742462158203
2017-06-22,33.921539306640625
2017-06-23,34.07293701171875
2017-06-26,33.965797424316406
2017-06-27,33.478965759277344
2017-06-28,33.968116760253906
2017-06-29,33.46731948852539
2017-06-30,33.5465202331543
2017-07-03,33.42539978027344
2017-07-05,33.56281661987305
2017-07-06,33.246036529541016
2017-07-07,33.58378219604492
2017-07-10,33.78875732421875
2017-07-11,33.89823913574219
2017-07-12,33.94716262817383
2017-07-13,34.41999816894531
2017-07-14,34.715816497802734
2017-07-17,34.836952209472656
2017-07-18,34.958065032958984
2017-07-19,35.17702102661133
2017-07-20,35.018638610839844
2017-07-21,35.00233459472656
2017-07-24,35.426265716552734
2017-07-25,35.57765579223633
2017-07-26,35.74536895751953
2017-07-27,35.06987380981445
2017-07-28,34.82297897338867
2017-07-31,34.64361572265625
2017-08-01,34.951072692871094
2017-08-02,36.602542877197266
2017-08-03,36.236854553222656
2017-08-04,36.4278564453125
2017-08-07,36.991539001464844
2017-08-08,37.2873649597168
2017-08-09,37.51564407348633
2017-08-10,36.3206901550293
2017-08-11,36.82579803466797
2017-08-14,37.38001251220703
2017-08-15,37.78923797607422
2017-08-16,37.637237548828125
2017-08-17,36.91465759277344
2017-08-18,36.830474853515625
2017-08-21,36.76265335083008
2017-08-22,37.3636360168457
2017-08-23,37.41039276123047
2017-08-24,37.244380950927734
2017-08-25,37.38234329223633
2017-08-28,37.75883865356445
2017-08-29,38.095584869384766
2017-08-30,38.19847106933594
2017-08-31,38.35045623779297
2017-09-01,38.362152099609375
2017-09-05,37.90148162841797
2017-09-06,37.86172103881836
2017-09-07,37.70972442626953
2017-09-08,37.0947151184082
2017-09-11,37.76584243774414
2017-09-12,37.61619186401367
2017-09-13,37.33324432373047
2017-09-14,37.01287841796875
2017-09-15,37.38702392578125
2017-09-18,37.10407257080078
2017-09-19,37.118106842041016
2017-09-20,36.496089935302734
2017-09-21,35.8693733215332
2017-09-22,35.51860427856445
2017-09-25,35.20525360107422
2017-09-26,35.8109130859375
2017-09-27,36.06581115722656
2017-09-28,35.84364700317383
2017-09-29,36.040069580078125
2017-10-02,35.96759796142578
2017-10-03,36.1242561340332
2017-10-04,35.89042282104492
2017-10-05,36.33706283569336
2017-10-06,36.316009521484375
2017-10-09,36.44229507446289
2017-10-10,36.45631790161133
2017-10-11,36.608333587646484
2017-10-12,36.47970962524414
2017-10-13,36.711212158203125
2017-10-16,37.38702392578125
2017-10-17,37.52500534057617
2017-10-18,37.35896682739258
2017-10-19,36.47503662109375
2017-10-20,36.53816223144531
2017-10-23,36.51946258544922
2017-10-24,36.73693084716797
2017-10-25,36.57558822631836
2017-10-26,36.809425354003906
2017-10-27,38.128318786621094
2017-10-30,38.986515045166016
2017-10-31,39.529029846191406
2017-11-01,39.026275634765625
2017-11-02,39.31156539916992
2017-11-03,40.3381462097168
2017-11-06,40.74736785888672
2017-11-07,40.878318786621094
2017-11-08,41.21272659301758
2017-11-09,41.128536224365234
2017-11-10,40.992401123046875
2017-11-13,40.828128814697266
2017-11-14,40.21091079711914
2017-11-15,39.68052673339844
2017-11-16,40.154598236083984
2017-11-17,39.931640625
2017-11-20,39.89175033569336
2017-11-21,40.63335037231445
2017-11-22,41.06047439575195
2017-11-24,41.06282043457031
2017-11-27,40.8563117980957
2017-11-28,40.61692428588867
2017-11-29,39.7744026184082
2017-11-30,40.33060836791992
2017-12-01,40.14285659790039
2017-12-04,39.849491119384766
2017-12-05,39.81195068359375
2017-12-06,39.664093017578125
2017-12-07,39.736854553222656
2017-12-08,39.74858856201172
2017-12-11,40.523048400878906
2017-12-12,40.29539108276367
2017-12-13,40.42917251586914
2017-12-14,40.41744613647461
2017-12-15,40.828128814697266
2017-12-18,41.40311050415039
2017-12-19,40.9619140625
2017-12-20,40.917320251464844
2017-12-21,41.07220458984375
2017-12-22,41.07220458984375
2017-12-26,40.03020477294922
2017-12-27,40.03725051879883
2017-12-28,40.149898529052734
2017-12-29,39.715721130371094
2018-01-02,40.42683029174805
2018-01-03,40.4197883605957
2018-01-04,40.607540130615234
2018-01-05,41.06985855102539
2018-01-08,40.917320251464844
2018-01-09,40.91262435913086
2018-01-10,40.90323257446289
2018-01-11,41.13555908203125
2018-01-12,41.560359954833984
2018-01-16,41.349151611328125
2018-01-17,42.032066345214844
2018-01-18,42.06961441040039
2018-01-19,41.88186264038086
2018-01-22,41.539222717285156
2018-01-23,41.548622131347656
2018-01-24,40.88682174682617
2018-01-25,40.15694046020508
2018-01-26,40.25081253051758
2018-01-29,39.41767883300781
2018-01-30,39.18534469604492
2018-01-31,39.29329299926758
2018-02-01,39.375431060791016
2018-02-02,37.66693115234375
2018-02-05,36.72584533691406
2018-02-06,38.260684967041016
2018-02-07,37.4416389465332
2018-02-08,36.411346435546875
2018-02-09,36.85674285888672
2018-02-12,38.34126663208008
2018-02-13,38.725372314453125
2018-02-14,39.439369201660156
2018-02-15,40.763675689697266
2018-02-16,40.63172149658203
2018-02-20,40.49504089355469
2018-02-21,40.311241149902344
2018-02-22,40.64820861816406
2018-02-23,41.355133056640625
2018-02-26,42.17280960083008
2018-02-27,42.0361328125
2018-02-28,41.97250747680664
2018-03-01,41.23729705810547
2018-03-02,41.522438049316406
2018-03-05,41.66617965698242
2018-03-06,41.630821228027344
2018-03-07,41.244380950927734
2018-03-08,41.694454193115234
2018-03-09,42.410804748535156
2018-03-12,42.82081985473633
2018-03-13,42.408447265625
2018-03-14,42.047916412353516
2018-03-15,42.09739685058594
2018-03-16,41.94894027709961
2018-03-19,41.30799865722656
2018-03-20,41.29385757446289
2018-03-21,40.35835647583008
2018-03-22,39.78812026977539
2018-03-23,38.866756439208984
2018-03-26,40.711830139160156
2018-03-27,39.66793441772461
2018-03-28,39.22965621948242
2018-03-29,39.53596878051758
2018-04-02,39.276763916015625
2018-04-03,39.679710388183594
2018-04-04,40.438480377197266
2018-04-05,40.71889877319336
2018-04-06,39.6773567199707
2018-04-09,40.07087707519531
2018-04-10,40.82493209838867
2018-04-11,40.63406753540039
2018-04-12,41.03466033935547
2018-04-13,41.1736946105957
2018-04-16,41.43053436279297
2018-04-17,42.00079345703125
2018-04-18,41.90653610229492
2018-04-19,40.71889877319336
2018-04-20,39.05055236816406
2018-04-23,38.93745040893555
2018-04-24,38.395477294921875
2018-04-25,38.56277084350586
2018-04-26,38.697086334228516
2018-04-27,38.24936294555664
2018-04-30,38.94214630126953
2018-05-01,39.847015380859375
2018-05-02,41.60726547241211
2018-05-03,41.68267059326172
2018-05-04,43.31803512573242
2018-05-07,43.63141632080078
2018-05-08,43.841156005859375
2018-05-09,44.14983367919922
2018-05-10,44.78136444091797
2018-05-11,44.61104965209961
2018-05-14,44.5069580078125
2018-05-15,44.10245132446289
2018-05-16,44.51405715942383
2018-05-17,44.2325553894043
2018-05-18,44.07170486450195
2018-05-21,44.383949279785156
2018-05-22,44.27278137207031
2018-05-23,44.556636810302734
2018-05-24,44.5069580078125
2018-05-25,44.60867691040039
2018-05-29,44.44782257080078
2018-05-30,44.353206634521484
2018-05-31,44.204166412353516
2018-06-01,45.00133514404297
2018-06-04,45.37745666503906
2018-06-05,45.72755813598633
2018-06-06,45.886051177978516
2018-06-07,45.76304626464844
2018-06-08,45.34672164916992
2018-06-11,45.235530853271484
2018-06-12,45.48391342163086
2018-06-13,45.11016845703125
2018-06-14,45.13381576538086
2018-06-15,44.67018127441406
2018-06-18,44.64652633666992
2018-06-19,43.925048828125
2018-06-20,44.11665725708008
2018-06-21,43.870643615722656
2018-06-22,43.74290466308594
2018-06-25,43.0923957824707
2018-06-26,43.626991271972656
2018-06-27,43.5631217956543
2018-06-28,43.880104064941406
2018-06-29,43.7878532409668
2018-07-02,44.27751159667969
2018-07-03,43.50635528564453
2018-07-05,43.856441497802734
2018-07-06,44.46437072753906
2018-07-09,45.08177185058594
2018-07-10,45.02737808227539
2018-07-11,44.443092346191406
2018-07-12,45.18822479248047
2018-07-13,45.259193420410156
2018-07-16,45.15983581542969
2018-07-17,45.28758239746094
2018-07-18,45.03920364379883
2018-07-19,45.38929748535156
2018-07-20,45.285213470458984
2018-07-23,45.3254280090332
2018-07-24,45.65423583984375
2018-07-25,46.084754943847656
2018-07-26,45.940467834472656
2018-07-27,45.17639923095703
2018-07-30,44.92328643798828
2018-07-31,45.01317596435547
2018-08-01,47.66490173339844
2018-08-02,49.05820083618164
2018-08-03,49.200130462646484
2018-08-06,49.45558166503906
2018-08-07,48.99195861816406
2018-08-08,49.025081634521484
2018-08-09,49.4106559753418
2018-08-10,49.26346969604492
2018-08-13,49.58155822753906
2018-08-14,49.79046630859375
2018-08-15,49.90677261352539
2018-08-16,50.63791275024414
2018-08-17,51.64914321899414
2018-08-20,51.14590835571289
2018-08-21,51.046199798583984
2018-08-22,51.04857635498047
2018-08-23,51.15302658081055
2018-08-24,51.31206512451172
2018-08-27,51.7346076965332
2018-08-28,52.152381896972656
2018-08-29,52.931007385253906
2018-08-30,53.417633056640625
2018-08-31,54.03480911254883
2018-09-04,54.208106994628906
2018-09-05,53.85441589355469
2018-09-06,52.95948028564453
2018-09-07,52.53219985961914
2018-09-10,51.827186584472656
2018-09-11,53.13753128051758
2018-09-12,52.47760772705078
2018-09-13,53.745216369628906
2018-09-14,53.13515090942383
2018-09-17,51.72036361694336
2018-09-18,51.80583190917969
2018-09-19,51.836666107177734
2018-09-20,52.2307243347168
2018-09-21,51.66813659667969
2018-09-24,52.41112518310547
2018-09-25,52.74346923828125
2018-09-26,52.323299407958984
2018-09-27,53.39863204956055
2018-09-28,53.58616256713867
2018-10-01,53.94698715209961
2018-10-02,54.426483154296875
2018-10-03,55.08877944946289
2018-10-04,54.12027359008789
2018-10-05,53.24197006225586
2018-10-08,53.1185302734375
2018-10-09,53.85441589355469
2018-10-10,51.35954284667969
2018-10-11,50.90614700317383
2018-10-12,52.72447204589844
2018-10-15,51.596923828125
2018-10-16,52.733970642089844
2018-10-17,52.506080627441406
2018-10-18,51.27883529663086
2018-10-19,52.059818267822266
2018-10-22,52.37789535522461
2018-10-23,52.87165451049805
2018-10-24,51.058074951171875
2018-10-25,52.17613220214844
2018-10-26,51.345298767089844
2018-10-29,50.38154220581055
2018-10-30,50.633155822753906
2018-10-31,51.9530029296875
2018-11-01,52.75059127807617
2018-11-02,49.25161361694336
2018-11-05,47.85344696044922
2018-11-06,48.37092208862305
2018-11-07,49.83794021606445
2018-11-08,49.664039611816406
2018-11-09,48.70645523071289
2018-11-12,46.25290298461914
2018-11-13,45.790775299072266
2018-11-14,44.49729919433594
2018-11-15,45.59543991088867
2018-11-16,46.10044860839844
2018-11-19,44.27339553833008
2018-11-20,42.15809631347656
2018-11-21,42.1104621887207
2018-11-23,41.0409049987793
2018-11-26,41.5959358215332
2018-11-27,41.50541687011719
2018-11-28,43.101402282714844
2018-11-29,42.77028274536133
2018-11-30,42.53923797607422
2018-12-03,44.0256462097168
2018-12-04,42.089027404785156
2018-12-06,41.619754791259766
2018-12-07,40.13572311401367
2018-12-10,40.400123596191406
2018-12-11,40.16905975341797
2018-12-12,40.281028747558594
2018-12-13,40.721702575683594
2018-12-14,39.41871643066406
2018-12-17,39.051856994628906
2018-12-18,39.55925750732422
2018-12-19,38.32533264160156
2018-12-20,37.358211517333984
2018-12-21,35.9051399230957
2018-12-24,34.97612380981445
2018-12-26,37.43920135498047
2018-12-27,37.19621658325195
2018-12-28,37.21527862548828
2018-12-31,37.574974060058594
2019-01-02,37.61785125732422
2019-01-03,33.870845794677734
2019-01-04,35.31675720214844
2019-01-07,35.2381477355957
2019-01-08,35.9099006652832
2019-01-09,36.51971435546875
2019-01-10,36.636444091796875
2019-01-11,36.27674102783203
2019-01-14,35.73124694824219
2019-01-15,36.46254348754883
2019-01-16,36.907997131347656
2019-01-17,37.12714385986328
2019-01-18,37.3558235168457
2019-01-22,36.517333984375
2019-01-23,36.665016174316406
2019-01-24,36.37440872192383
2019-01-25,37.579742431640625
2019-01-28,37.23195266723633
2019-01-29,36.84606170654297
2019-01-30,39.363922119140625
2019-01-31,39.64738845825195
2019-02-01,39.66645431518555
2019-02-04,40.79317855834961
2019-02-05,41.491111755371094
2019-02-06,41.50541687011719
2019-02-07,40.71931838989258
2019-02-08,40.767173767089844
2019-02-11,40.53272247314453
2019-02-12,40.881996154785156
2019-02-13,40.7121467590332
2019-02-14,40.860469818115234
2019-02-15,40.76955795288086
2019-02-19,40.891571044921875
2019-02-20,41.15472412109375
2019-02-21,40.922672271728516
2019-02-22,41.37960433959961
2019-02-25,41.681026458740234
2019-02-26,41.7049560546875
2019-02-27,41.83413314819336
2019-02-28,41.42266082763672
2019-03-01,41.85805892944336
2019-03-04,42.068580627441406
2019-03-05,41.99203109741211
2019-03-06,41.75041198730469
2019-03-07,41.26716232299805
2019-03-08,41.36525344848633
2019-03-11,42.7982292175293
2019-03-12,43.27907943725586
2019-03-13,43.470462799072266
2019-03-14,43.953712463378906
2019-03-15,44.52547073364258
2019-03-18,44.98000717163086
2019-03-19,44.62356185913086
2019-03-20,45.01350021362305
2019-03-21,46.67136764526367
2019-03-22,45.704872131347656
2019-03-25,45.152259826660156
2019-03-26,44.685752868652344
2019-03-27,45.08766555786133
2019-03-28,45.1474609375
2019-03-29,45.44171905517578
2019-04-01,45.75032424926758
2019-04-02,46.41539764404297
2019-04-03,46.73356628417969
2019-04-04,46.814903259277344
2019-04-05,47.128292083740234
2019-04-08,47.869911193847656
2019-04-09,47.72636795043945
2019-04-10,47.994300842285156
2019-04-11,47.59480285644531
2019-04-12,47.575653076171875
2019-04-15,47.66178512573242
2019-04-16,47.66656494140625
2019-04-17,48.59477233886719
2019-04-18,48.769412994384766
2019-04-22,48.929691314697266
2019-04-23,49.63542938232422
2019-04-24,49.55887222290039
2019-04-25,49.10911560058594
2019-04-26,48.87468338012695
2019-04-29,48.94883728027344
2019-04-30,48.006263732910156
2019-05-01,50.36268997192383
2019-05-02,50.034934997558594
2019-05-03,50.656925201416016
2019-05-06,49.87465286254883
2019-05-07,48.53017807006836
2019-05-08,48.53974151611328
2019-05-09,48.01823425292969
2019-05-10,47.35301208496094
2019-05-13,44.60087966918945
2019-05-14,45.306922912597656
2019-05-15,45.849666595458984
2019-05-16,45.64793395996094
2019-05-17,45.38857650756836
2019-05-20,43.96928405761719
2019-05-21,44.812217712402344
2019-05-22,43.89484405517578
2019-05-23,43.145572662353516
2019-05-24,42.97986602783203
2019-05-28,42.80214309692383
2019-05-29,42.59800720214844
2019-05-30,42.818946838378906
2019-05-31,42.04327392578125
2019-06-03,41.618202209472656
2019-06-04,43.1407585144043
2019-06-05,43.837196350097656
2019-06-06,44.480804443359375
2019-06-07,45.66474533081055
2019-06-10,46.248321533203125
2019-06-11,46.78385543823242
2019-06-12,46.634952545166016
2019-06-13,46.62535095214844
2019-06-14,46.286739349365234
2019-06-17,46.56290054321289
2019-06-18,47.657997131347656
2019-06-19,47.518714904785156
2019-06-20,47.90056228637695
2019-06-21,47.73725509643555
2019-06-24,47.6892204284668
2019-06-25,46.966365814208984
2019-06-26,47.98221206665039
2019-06-27,47.967796325683594
2019-06-28,47.53071975708008
2019-07-01,48.40247344970703
2019-07-02,48.68585205078125
2019-07-03,49.08930969238281
2019-07-05,49.04608154296875
2019-07-08,48.035037994384766
2019-07-09,48.328025817871094
2019-07-10,48.805931091308594
2019-07-11,48.450504302978516
2019-07-12,48.82273483276367
2019-07-15,49.28142547607422
2019-07-16,49.11092758178711
2019-07-17,48.83474349975586
2019-07-18,49.38949203491211
2019-07-19,48.6522216796875
2019-07-22,49.76413345336914
2019-07-23,50.15317153930664
2019-07-24,50.11235427856445
2019-07-25,49.71609878540039
2019-07-26,49.889007568359375
2019-07-29,50.354896545410156
2019-07-30,50.138763427734375
2019-07-31,51.16181182861328
2019-08-01,50.054710388183594
2019-08-02,48.99563980102539
2019-08-05,46.43083572387695
2019-08-06,47.309783935546875
2019-08-07,47.7996940612793
2019-08-08,48.85396957397461
2019-08-09,48.451385498046875
2019-08-12,48.32844543457031
2019-08-13,50.37506866455078
2019-08-14,48.87565994262695
2019-08-15,48.63217544555664
2019-08-16,49.779640197753906
2019-08-19,50.70774459838867
2019-08-20,50.71015167236328
2019-08-21,51.259765625
2019-08-22,51.216373443603516
2019-08-23,48.8491325378418
2019-08-26,49.77722930908203
2019-08-27,49.21556091308594
2019-08-28,49.54581069946289
2019-08-29,50.384708404541016
2019-08-30,50.31962203979492
2019-09-03,49.586788177490234
2019-09-04,50.4281005859375
2019-09-05,51.41404724121094
2019-09-06,51.409236907958984
2019-09-09,51.628604888916016
2019-09-10,52.238494873046875
2019-09-11,53.89940643310547
2019-09-12,53.77888107299805
2019-09-13,52.7326545715332
2019-09-16,53.0098876953125
2019-09-17,53.20274353027344
2019-09-18,53.701744079589844
2019-09-19,53.26542663574219
2019-09-20,52.486785888671875
2019-09-23,52.725440979003906
2019-09-24,52.4747314453125
2019-09-25,53.28230285644531
2019-09-26,53.00748062133789
2019-09-27,52.74954605102539
2019-09-30,53.991024017333984
2019-10-01,54.14048767089844
2019-10-02,52.78329086303711
2019-10-03,53.231666564941406
2019-10-04,54.723854064941406
2019-10-07,54.73590850830078
2019-10-08,54.09468078613281
2019-10-09,54.72867965698242
2019-10-10,55.466339111328125
2019-10-11,56.9416389465332
2019-10-14,56.85967254638672
2019-10-15,56.72710418701172
2019-10-16,56.49808120727539
2019-10-17,56.71744918823242
2019-10-18,56.9898567199707
2019-10-21,57.97819900512695
2019-10-22,57.84562683105469
2019-10-23,58.62184524536133
2019-10-24,58.71827697753906
2019-10-25,59.441471099853516
2019-10-28,60.036903381347656
2019-10-29,58.64836883544922
2019-10-30,58.64113998413086
2019-10-31,59.966983795166016
2019-11-01,61.66891098022461
2019-11-04,62.073883056640625
2019-11-05,61.98468780517578
2019-11-06,62.01120376586914
2019-11-07,62.726905822753906
2019-11-08,62.8985710144043
2019-11-11,63.39664840698242
2019-11-12,63.33860778808594
2019-11-13,63.945491790771484
2019-11-14,63.503028869628906
2019-11-15,64.25740814208984
2019-11-18,64.5813980102539
2019-11-19,64.38558197021484
2019-11-20,63.63602066040039
2019-11-21,63.350711822509766
2019-11-22,63.295108795166016
2019-11-25,64.4048843383789
2019-11-26,63.90199661254883
2019-11-27,64.76032257080078
2019-11-29,64.61769104003906
2019-12-02,63.870548248291016
2019-12-03,62.73173522949219
2019-12-04,63.28542709350586
2019-12-05,64.21389770507812
2019-12-06,65.45426177978516
2019-12-09,64.53787231445312
2019-12-10,64.91510009765625
2019-12-11,65.46876525878906
2019-12-12,65.63560485839844
2019-12-13,66.52778625488281
2019-12-16,67.66661071777344
2019-12-17,67.79960632324219
2019-12-18,67.6375961303711
2019-12-19,67.70529174804688
2019-12-20,67.5650863647461
2019-12-23,68.6676025390625
2019-12-24,68.73290252685547
2019-12-26,70.09658813476562
2019-12-27,70.06998443603516
2019-12-30,70.48583984375
2019-12-31,71.00084686279297
2020-01-02,72.62083435058594
2020-01-03,71.91482543945312
2020-01-06,72.48786163330078
2020-01-07,72.14694213867188
2020-01-08,73.3075180053711
2020-01-09,74.8646240234375
2020-01-10,75.03389739990234
2020-01-13,76.63692474365234
2020-01-14,75.60208129882812
2020-01-15,75.278076171875
2020-01-16,76.2210464477539
2020-01-17,77.06489562988281
2020-01-21,76.54261016845703
2020-01-22,76.81586456298828
2020-01-23,77.185791015625
2020-01-24,76.96334075927734
2020-01-27,74.70023345947266
2020-01-28,76.81342315673828
2020-01-29,78.42130279541016
2020-01-30,78.30767059326172
2020-01-31,74.83562469482422
2020-02-03,74.63008880615234
2020-02-04,77.09391784667969
2020-02-05,77.72254180908203
2020-02-06,78.63166809082031
2020-02-07,77.56285858154297
2020-02-10,77.93126678466797
2020-02-11,77.46107482910156
2020-02-12,79.30058288574219
2020-02-13,78.73590087890625
2020-02-14,78.7552719116211
2020-02-18,77.31321716308594
2020-02-19,78.43291473388672
2020-02-20,77.62830352783203
2020-02-21,75.87118530273438
2020-02-24,72.26726531982422
2020-02-25,69.81941986083984
2020-02-26,70.92700958251953
2020-02-27,66.2906265258789
2020-02-28,66.25187683105469
2020-03-02,72.41995239257812
2020-03-03,70.11994934082031
2020-03-04,73.37242889404297
2020-03-05,70.99244689941406
2020-03-06,70.04967498779297
2020-03-09,64.50929260253906
2020-03-10,69.15532684326172
2020-03-11,66.75354766845703
2020-03-12,60.16132354736328
2020-03-13,67.36914825439453
2020-03-16,58.70230484008789
2020-03-17,61.28346252441406
2020-03-18,59.78323745727539
2020-03-19,59.32517623901367
2020-03-20,55.558876037597656
2020-03-23,54.37858200073242
2020-03-24,59.834129333496094
2020-03-25,59.50452423095703
2020-03-26,62.635826110839844
2020-03-27,60.042564392089844
2020-03-30,61.75605773925781
2020-03-31,61.630027770996094
2020-04-01,58.38723373413086
2020-04-02,59.36153030395508
2020-04-03,58.5084114074707
2020-04-06,63.612545013427734
2020-04-07,62.87575149536133
2020-04-08,64.48504638671875
2020-04-09,64.95037841796875
2020-04-13,66.2251968383789
2020-04-14,69.56978607177734
2020-04-15,68.93478393554688
2020-04-16,69.48253631591797
2020-04-17,68.53974151611328
2020-04-20,67.1170883178711
2020-04-21,65.04247283935547
2020-04-22,66.91593170166016
2020-04-23,66.65658569335938
2020-04-24,68.58096313476562
2020-04-27,68.62943267822266
2020-04-28,67.51697540283203
2020-04-29,69.73460388183594
2020-04-30,71.20571899414062
2020-05-01,70.05935668945312
2020-05-04,71.05060577392578
2020-05-05,72.11700439453125
2020-05-06,72.86106872558594
2020-05-07,73.61478424072266
2020-05-08,75.36695098876953
2020-05-11,76.5528793334961
2020-05-12,75.67803192138672
2020-05-13,74.76424407958984
2020-05-14,75.22357177734375
2020-05-15,74.77884674072266
2020-05-18,76.54072570800781
2020-05-19,76.09841918945312
2020-05-20,77.57842254638672
2020-05-21,77.00000762939453
2020-05-22,77.49578094482422
2020-05-26,76.97084045410156
2020-05-27,77.30621337890625
2020-05-28,77.3402328491211
2020-05-29,77.26490783691406
2020-06-01,78.21511840820312
2020-06-02,78.57720184326172
2020-06-03,79.009765625
2020-06-04,78.32936096191406
2020-06-05,80.56022644042969
2020-06-08,81.03654479980469
2020-06-09,83.59551239013672
2020-06-10,85.7462158203125
2020-06-11,81.62950134277344
2020-06-12,82.3342514038086
2020-06-15,83.35250091552734
2020-06-16,85.56150817871094
2020-06-17,85.44244384765625
2020-06-18,85.4764633178711
2020-06-19,84.98799896240234
2020-06-22,87.21163177490234
2020-06-23,89.0731201171875
2020-06-24,87.50078582763672
2020-06-25,88.66242218017578
2020-06-26,85.9382095336914
2020-06-29,87.91876220703125
2020-06-30,88.65269470214844
2020-07-01,88.48502349853516
2020-07-02,88.48502349853516
2020-07-06,90.85199737548828
2020-07-07,90.57010650634766
2020-07-08,92.67950439453125
2020-07-09,93.07804107666016
2020-07-10,93.2408676147461
2020-07-13,92.81072235107422
2020-07-14,94.34661102294922
2020-07-15,94.99545288085938
2020-07-16,93.8265380859375
2020-07-17,93.6369857788086
2020-07-20,95.61028289794922
2020-07-21,94.29067993164062
2020-07-22,94.55558776855469
2020-07-23,90.25177001953125
2020-07-24,90.0281753540039
2020-07-27,92.16185760498047
2020-07-28,90.64786529541016
2020-07-29,92.38542938232422
2020-07-30,93.50334167480469
2020-07-31,103.29206085205078
2020-08-03,105.89476776123047
2020-08-04,106.60197448730469
2020-08-05,106.98835754394531
2020-08-06,110.7210922241211
2020-08-07,108.20377349853516
2020-08-10,109.77649688720703
2020-08-11,106.51175689697266
2020-08-12,110.05158996582031
2020-08-13,111.99925231933594
2020-08-14,111.89942932128906
2020-08-17,111.6072769165039
2020-08-18,112.53728485107422
2020-08-19,112.67847442626953
2020-08-20,115.17875671386719
2020-08-21,121.11418914794922
2020-08-24,122.56278228759766
2020-08-25,121.55728912353516
2020-08-26,123.2103500366211
2020-08-27,121.7374496459961
2020-08-28,121.54026794433594
2020-08-31,125.66194915771484
2020-09-01,130.66741943359375
2020-09-02,127.9601058959961
2020-09-03,117.71556091308594
2020-09-04,117.79347229003906
2020-09-08,109.86656188964844
2020-09-09,114.248779296875
2020-09-10,110.51903533935547
2020-09-11,109.06803131103516
2020-09-14,112.34007263183594
2020-09-15,112.51536560058594
2020-09-16,109.19461822509766
2020-09-17,107.45148468017578
2020-09-18,104.0431137084961
2020-09-21,107.19828796386719
2020-09-22,108.88301849365234
2020-09-23,104.3157730102539
2020-09-24,105.3869857788086
2020-09-25,109.34069061279297
2020-09-28,111.95054626464844
2020-09-29,111.10330963134766
2020-09-30,112.7782974243164
2020-10-01,113.7326431274414
2020-10-02,110.06131744384766
2020-10-05,113.45022583007812
2020-10-06,110.19767761230469
2020-10-07,112.0674057006836
2020-10-08,111.96028900146484
2020-10-09,113.90795135498047
2020-10-12,121.14342498779297
2020-10-13,117.9297866821289
2020-10-14,118.01746368408203
2020-10-15,117.5500259399414
2020-10-16,115.90425109863281
2020-10-19,112.94385528564453
2020-10-20,114.43379211425781
2020-10-21,113.81053924560547
2020-10-22,112.71986389160156
2020-10-23,112.0284423828125
2020-10-26,112.0382080078125
2020-10-27,113.54762268066406
2020-10-28,108.2889633178711
2020-10-29,112.3011245727539
2020-10-30,106.0102310180664
2020-11-02,105.92257690429688
2020-11-03,107.54886627197266
2020-11-04,111.94081115722656
2020-11-05,115.91400146484375
2020-11-06,115.78231811523438
2020-11-09,113.47035217285156
2020-11-10,113.12893676757812
2020-11-11,116.5627212524414
2020-11-12,116.28958129882812
2020-11-13,116.3383560180664
2020-11-16,117.35287475585938
2020-11-17,116.46517181396484
2020-11-18,115.13848876953125
2020-11-19,115.73352813720703
2020-11-20,114.46537780761719
2020-11-23,111.06086730957031
2020-11-24,112.34854125976562
2020-11-25,113.1874771118164
2020-11-27,113.7337417602539
2020-11-30,116.13349151611328
2020-12-01,119.71359252929688
2020-12-02,120.06477355957031
2020-12-03,119.92820739746094
2020-12-04,119.25509643554688
2020-12-07,120.71834564208984
2020-12-08,121.3329086303711
2020-12-09,118.7966079711914
2020-12-10,120.22084045410156
2020-12-11,119.41118621826172
2020-12-14,118.7966079711914
2020-12-15,124.74715423583984
2020-12-16,124.67889404296875
2020-12-17,125.54708862304688
2020-12-18,123.55706024169922
2020-12-21,125.08858489990234
2020-12-22,128.64920043945312
2020-12-23,127.75170135498047
2020-12-24,128.73699951171875
2020-12-28,133.34133911132812
2020-12-29,131.56594848632812
2020-12-30,130.44410705566406
2020-12-31,129.43931579589844
2021-01-04,126.23969268798828
2021-01-05,127.80049133300781
2021-01-06,123.4985122680664
2021-01-07,127.71266174316406
2021-01-08,128.81503295898438
2021-01-11,125.82023620605469
2021-01-12,125.64463806152344
2021-01-13,127.6834487915039
2021-01-14,125.75193786621094
2021-01-15,124.0252914428711
2021-01-19,124.69839477539062
2021-01-20,128.79551696777344
2021-01-21,133.51690673828125
2021-01-22,135.6630401611328
2021-01-25,139.41873168945312
2021-01-26,139.6528778076172
2021-01-27,138.57981872558594
2021-01-28,133.73155212402344
2021-01-29,128.72726440429688
2021-02-01,130.8538055419922
2021-02-02,131.68296813964844
2021-02-03,130.65870666503906
2021-02-04,134.02418518066406
2021-02-05,133.60897827148438
2021-02-08,133.7555389404297
2021-02-09,132.87625122070312
2021-02-10,132.2705841064453
2021-02-11,132.0165557861328
2021-02-12,132.25100708007812
2021-02-16,130.12124633789062
2021-02-17,127.82540130615234
2021-02-18,126.72140502929688
2021-02-19,126.87771606445312
2021-02-22,123.09689331054688
2021-02-23,122.96011352539062
2021-02-24,122.46189880371094
2021-02-25,118.20233154296875
2021-02-26,118.46611022949219
2021-03-01,124.84564971923828
2021-03-02,122.23716735839844
2021-03-03,119.2476806640625
2021-03-04,117.36212921142578
2021-03-05,118.62242889404297
2021-03-08,113.67900085449219
2021-03-09,118.3000259399414
2021-03-10,117.21562194824219
2021-03-11,119.14997863769531
2021-03-12,118.24142456054688
2021-03-15,121.13321685791016
2021-03-16,122.67680358886719
2021-03-17,121.8854751586914
2021-03-18,117.75292205810547
2021-03-19,117.22537231445312
2021-03-22,120.54703521728516
2021-03-23,119.71662902832031
2021-03-24,117.32305908203125
2021-03-25,117.8115463256836
2021-03-26,118.41724395751953
2021-03-29,118.5931167602539
2021-03-30,117.137451171875
2021-03-31,119.33560943603516
2021-04-01,120.166015625
2021-04-05,122.99919891357422
2021-04-06,123.30206298828125
2021-04-07,124.953125
2021-04-08,127.35645294189453
2021-04-09,129.93560791015625
2021-04-12,128.21621704101562
2021-04-13,131.33270263671875
2021-04-14,128.98797607421875
2021-04-15,131.4010467529297
2021-04-16,131.0688934326172
2021-04-19,131.7332000732422
2021-04-20,130.04306030273438
2021-04-21,130.42408752441406
2021-04-22,128.90003967285156
2021-04-23,131.22518920898438
2021-04-26,131.61599731445312
2021-04-27,131.2935791015625
2021-04-28,130.5022735595703
2021-04-29,130.40455627441406
2021-04-30,128.43112182617188
2021-05-03,129.4862060546875
2021-05-04,124.90426635742188
2021-05-05,125.14852905273438
2021-05-06,126.75072479248047
2021-05-07,127.42601013183594
2021-05-10,124.13783264160156
2021-05-11,123.2179183959961
2021-05-12,120.14503479003906
2021-05-13,122.29800415039062
2021-05-14,124.72498321533203
2021-05-17,123.57020568847656
2021-05-18,122.18058776855469
2021-05-19,122.02400207519531
2021-05-20,124.58796691894531
2021-05-21,122.74817657470703
2021-05-24,124.3824691772461
2021-05-25,124.1867446899414
2021-05-26,124.13783264160156
2021-05-27,122.60138702392578
2021-05-28,121.94569396972656
2021-06-01,121.62275695800781
2021-06-02,122.38607025146484
2021-06-03,120.89856719970703
2021-06-04,123.19833374023438
2021-06-07,123.2081298828125
2021-06-08,124.03016662597656
2021-06-09,124.41182708740234
2021-06-10,123.41364288330078
2021-06-11,124.62713623046875
2021-06-14,127.6902084350586
2021-06-15,126.86815643310547
2021-06-16,127.36725616455078
2021-06-17,128.97219848632812
2021-06-18,127.67064666748047
2021-06-21,129.4713134765625
2021-06-22,131.1153564453125
2021-06-23,130.84133911132812
2021-06-24,130.5575714111328
2021-06-25,130.2639617919922
2021-06-28,131.89828491210938
2021-06-29,133.41513061523438
2021-06-30,134.03164672851562
2021-07-01,134.3350372314453
2021-07-02,136.967529296875
2021-07-06,138.98345947265625
2021-07-07,141.47894287109375
2021-07-08,140.17739868164062
2021-07-09,142.00738525390625
2021-07-12,141.4104461669922
2021-07-13,142.5260772705078
2021-07-14,145.96102905273438
2021-07-15,145.3053436279297
2021-07-16,143.26004028320312
2021-07-19,139.40426635742188
2021-07-20,143.02516174316406
2021-07-21,142.29119873046875
2021-07-22,143.66127014160156
2021-07-23,145.3836212158203
2021-07-26,145.80442810058594
2021-07-27,143.6319122314453
2021-07-28,141.88015747070312
2021-07-29,142.5260772705078
2021-07-30,142.7413330078125
2021-08-02,142.40863037109375
2021-08-03,144.2093048095703
2021-08-04,143.80807495117188
2021-08-05,143.91571044921875
2021-08-06,143.22964477539062
2021-08-09,143.18063354492188
2021-08-10,142.70040893554688
2021-08-11,142.95523071289062
2021-08-12,145.9248809814453
2021-08-13,146.13072204589844
2021-08-16,148.1104736328125
2021-08-17,147.19900512695312
2021-08-18,143.4452362060547
2021-08-19,143.7784881591797
2021-08-20,145.23880004882812
2021-08-23,146.7285614013672
2021-08-24,146.64036560058594
2021-08-25,145.40541076660156
2021-08-26,144.60177612304688
2021-08-27,145.64068603515625
2021-08-30,150.07066345214844
2021-08-31,148.80633544921875
2021-09-01,149.47279357910156
2021-09-02,150.590087890625
2021-09-03,151.2271270751953
2021-09-07,153.56956481933594
2021-09-08,152.02101135253906
2021-09-09,151.001708984375
2021-09-10,146.00328063964844
2021-09-13,146.57177734375
2021-09-14,145.1702117919922
2021-09-15,146.06207275390625
2021-09-16,145.82684326171875
2021-09-17,143.15126037597656
2021-09-20,140.09339904785156
2021-09-21,140.5736083984375
2021-09-22,142.94546508789062
2021-09-23,143.90591430664062
2021-09-24,143.99412536621094
2021-09-27,142.47499084472656
2021-09-28,139.0838623046875
2021-09-29,139.98556518554688
2021-09-30,138.6820526123047
2021-10-01,139.80914306640625
2021-10-04,136.3690643310547
2021-10-05,138.2998046875
2021-10-06,139.1720733642578
2021-10-07,140.4364013671875
2021-10-08,140.05416870117188
2021-10-11,139.96595764160156
2021-10-12,138.69186401367188
2021-10-13,138.10379028320312
2021-10-14,140.89706420898438
2021-10-15,141.95555114746094
2021-10-18,143.63150024414062
2021-10-19,145.79750061035156
2021-10-20,146.28749084472656
2021-10-21,146.50315856933594
2021-10-22,145.72886657714844
2021-10-25,145.6798553466797
2021-10-26,146.34634399414062
2021-10-27,145.88568115234375
2021-10-28,149.53158569335938
2021-10-29,146.81674194335938
2021-11-01,145.99349975585938
2021-11-02,147.0323944091797
2021-11-03,148.4730987548828
2021-11-04,147.9536590576172
2021-11-05,148.48367309570312
2021-11-08,147.65921020507812
2021-11-09,148.02236938476562
2021-11-10,145.185791015625
2021-11-11,145.13671875
2021-11-12,147.21754455566406
2021-11-15,147.22735595703125
2021-11-16,148.20884704589844
2021-11-17,150.65283203125
2021-11-18,154.95187377929688
2021-11-19,157.5823211669922
2021-11-22,158.04360961914062
2021-11-23,158.4264373779297
2021-11-24,158.94662475585938
2021-11-26,153.91146850585938
2021-11-29,157.27806091308594
2021-11-30,162.2445068359375
2021-12-01,161.72434997558594
2021-12-02,160.7329559326172
2021-12-03,158.84844970703125
2021-12-06,162.26414489746094
2021-12-07,168.01580810546875
2021-12-08,171.84373474121094
2021-12-09,171.3333740234375
2021-12-10,176.13296508789062
2021-12-13,172.49154663085938
2021-12-14,171.1076202392578
2021-12-15,175.98574829101562
2021-12-16,169.0758819580078
2021-12-17,167.9765625
2021-12-20,166.6123046875
2021-12-21,169.79238891601562
2021-12-22,172.3933868408203
2021-12-23,173.02159118652344
2021-12-27,176.9967041015625
2021-12-28,175.97593688964844
2021-12-29,176.06427001953125
2021-12-30,174.90606689453125
2021-12-31,174.28770446777344
2022-01-03,178.64564514160156
2022-01-04,176.3783416748047
2022-01-05,171.68673706054688
2022-01-06,168.8206787109375
2022-01-07,168.987548828125
2022-01-10,169.0072021484375
2022-01-11,171.84373474121094
2022-01-12,172.2854461669922
2022-01-13,169.0072021484375
2022-01-14,169.87091064453125
2022-01-18,166.66134643554688
2022-01-19,163.15733337402344
2022-01-20,161.4691162109375
2022-01-21,159.40794372558594
2022-01-24,158.6325225830078
2022-01-25,156.8265838623047
2022-01-26,156.7382354736328
2022-01-27,156.2769012451172
2022-01-28,167.18153381347656
2022-01-31,171.54928588867188
2022-02-01,171.3824462890625
2022-02-02,172.58970642089844
2022-02-03,169.70404052734375
2022-02-04,169.4190673828125
2022-02-07,168.70162963867188
2022-02-08,171.8170166015625
2022-02-09,173.2420196533203
2022-02-10,169.15367126464844
2022-02-11,165.73365783691406
2022-02-14,165.9695587158203
2022-02-15,169.81214904785156
2022-02-16,169.5762939453125
2022-02-17,165.9695587158203
2022-02-18,164.41676330566406
2022-02-22,161.48814392089844
2022-02-23,157.3114013671875
2022-02-24,159.93536376953125
2022-02-25,162.0089874267578
2022-02-28,162.2743377685547
2022-03-01,160.38743591308594
2022-03-02,163.6895294189453
2022-03-03,163.36520385742188
2022-03-04,160.35794067382812
2022-03-07,156.5546417236328
2022-03-08,154.72669982910156
2022-03-09,160.1417236328125
2022-03-10,155.78807067871094
2022-03-11,152.0634307861328
2022-03-14,148.024169921875
2022-03-15,152.4171905517578
2022-03-16,156.83966064453125
2022-03-17,157.85191345214844
2022-03-18,161.15396118164062
2022-03-21,162.5298614501953
2022-03-22,165.91058349609375
2022-03-23,167.27662658691406
2022-03-24,171.07012939453125
2022-03-25,171.70889282226562
2022-03-28,172.57373046875
2022-03-29,175.8758087158203
2022-03-30,174.70631408691406
2022-03-31,171.6007843017578
2022-04-01,171.3059844970703
2022-04-04,175.36477661132812
2022-04-05,172.0430145263672
2022-04-06,168.8686981201172
2022-04-07,169.17335510253906
2022-04-08,167.1586456298828
2022-04-11,162.8934783935547
2022-04-12,164.7705841064453
2022-04-13,167.46334838867188
2022-04-14,162.44139099121094
2022-04-18,162.2252197265625
2022-04-19,164.51504516601562
2022-04-20,164.34796142578125
2022-04-21,163.55194091796875
2022-04-22,159.001708984375
2022-04-25,160.0729522705078
2022-04-26,154.0977325439453
2022-04-27,153.8717041015625
2022-04-28,160.81982421875
2022-04-29,154.93309020996094
2022-05-02,155.23773193359375
2022-05-03,156.73153686523438
2022-05-04,163.15882873535156
2022-05-05,154.06825256347656
2022-05-06,154.7965545654297
2022-05-09,149.65896606445312
2022-05-10,152.07028198242188
2022-05-11,144.186767578125
2022-05-12,140.30899047851562
2022-05-13,144.7871551513672
2022-05-16,143.24192810058594
2022-05-17,146.8834991455078
2022-05-18,138.59646606445312
2022-05-19,135.18124389648438
2022-05-20,135.41746520996094
2022-05-23,140.85028076171875
2022-05-24,138.14370727539062
2022-05-25,138.30117797851562
2022-05-26,141.50973510742188
2022-05-27,147.27719116210938
2022-05-31,146.4898223876953
2022-06-01,146.3618927001953
2022-06-02,148.82241821289062
2022-06-03,143.08445739746094
2022-06-06,143.8324432373047
2022-06-07,146.3618927001953
2022-06-08,145.62371826171875
2022-06-09,140.38771057128906
2022-06-10,134.96473693847656
2022-06-13,129.79763793945312
2022-06-14,130.66371154785156
2022-06-15,133.2915496826172
2022-06-16,128.00636291503906
2022-06-17,129.482666015625
2022-06-21,133.7246551513672
2022-06-22,133.21286010742188
2022-06-23,136.0867156982422
2022-06-24,139.4232177734375
2022-06-27,139.4232177734375
2022-06-28,135.2698211669922
2022-06-29,137.03155517578125
2022-06-30,134.5612030029297
2022-07-01,136.73629760742188
2022-07-05,139.3247528076172
2022-07-06,140.6632843017578
2022-07-07,144.0391387939453
2022-07-08,144.71824645996094
2022-07-11,142.58250427246094
2022-07-12,143.55686950683594
2022-07-13,143.19273376464844
2022-07-14,146.1256561279297
2022-07-15,147.79881286621094
2022-07-18,144.74777221679688
2022-07-19,148.61572265625
2022-07-20,150.62350463867188
2022-07-21,152.89703369140625
2022-07-22,151.6569061279297
2022-07-25,150.53492736816406
2022-07-26,149.2062530517578
2022-07-27,154.3142852783203
2022-07-28,154.86544799804688
2022-07-29,159.94398498535156
2022-08-01,158.9597625732422
2022-08-02,157.48342895507812
2022-08-03,163.50682067871094
2022-08-04,163.19186401367188
2022-08-05,162.96519470214844
2022-08-08,162.49209594726562
2022-08-09,162.54141235351562
2022-08-10,166.799072265625
2022-08-11,166.05992126464844
2022-08-12,169.61785888671875
2022-08-15,170.69212341308594
2022-08-16,170.53440856933594
2022-08-17,172.0325164794922
2022-08-18,171.6382598876953
2022-08-19,169.0461883544922
2022-08-22,165.15316772460938
2022-08-23,164.81805419921875
2022-08-24,165.11373901367188
2022-08-25,167.57766723632812
2022-08-26,161.2600860595703
2022-08-29,159.0524444580078
2022-08-30,156.61810302734375
2022-08-31,154.95245361328125
2022-09-01,155.68177795410156
2022-09-02,153.562744140625
2022-09-06,152.30123901367188
2022-09-07,153.7106170654297
2022-09-08,152.23226928710938
2022-09-09,155.10028076171875
2022-09-12,161.07284545898438
2022-09-13,151.62118530273438
2022-09-14,153.0699920654297
2022-09-15,150.17239379882812
2022-09-16,148.52645874023438
2022-09-19,152.25193786621094
2022-09-20,154.6370391845703
2022-09-21,151.5028839111328
2022-09-22,150.53704833984375
2022-09-23,148.26036071777344
2022-09-26,148.59547424316406
2022-09-27,149.57118225097656
2022-09-28,147.67886352539062
2022-09-29,140.425048828125
2022-09-30,136.20677185058594
2022-10-03,140.3954315185547
2022-10-04,143.99282836914062
2022-10-05,144.28848266601562
2022-10-06,143.3324737548828
2022-10-07,138.0695037841797
2022-10-10,138.39474487304688
2022-10-11,136.97549438476562
2022-10-12,136.3447265625
2022-10-13,140.92767333984375
2022-10-14,136.38418579101562
2022-10-17,140.35606384277344
2022-10-18,141.6767120361328
2022-10-19,141.78512573242188
2022-10-20,141.3218994140625
2022-10-21,145.1459503173828
2022-10-24,147.29449462890625
2022-10-25,150.14280700683594
2022-10-26,147.1959686279297
2022-10-27,142.71156311035156
2022-10-28,153.49378967285156
2022-10-31,151.12841796875
2022-11-01,148.47720336914062
2022-11-02,142.938232421875
2022-11-03,136.87696838378906
2022-11-04,136.61041259765625
2022-11-07,137.1435089111328
2022-11-08,137.716064453125
2022-11-09,133.1453094482422
2022-11-10,144.99183654785156
2022-11-11,147.78564453125
2022-11-14,146.38380432128906
2022-11-15,148.12130737304688
2022-11-16,146.8872833251953
2022-11-17,148.79263305664062
2022-11-18,149.35531616210938
2022-11-21,146.1172637939453
2022-11-22,148.25949096679688
2022-11-23,149.13815307617188
2022-11-25,146.21600341796875
2022-11-28,142.375732421875
2022-11-29,139.36473083496094
2022-11-30,146.13699340820312
2022-12-01,146.41343688964844
2022-12-02,145.91983032226562
2022-12-05,144.75489807128906
2022-12-06,141.08248901367188
2022-12-07,139.13766479492188
2022-12-08,140.8258056640625
2022-12-09,140.3420867919922
2022-12-12,142.64224243164062
2022-12-13,143.6097412109375
2022-12-14,141.37864685058594
2022-12-15,134.75442504882812
2022-12-16,132.7898712158203
2022-12-19,130.67724609375
2022-12-20,130.60813903808594
2022-12-21,133.7178497314453
2022-12-22,130.53904724121094
2022-12-23,130.1737823486328
2022-12-27,128.36720275878906
2022-12-28,124.42820739746094
2022-12-29,127.95256042480469
2022-12-30,128.2684326171875
2023-01-03,123.47061157226562
2023-01-04,124.7441177368164
2023-01-05,123.42125701904297
2023-01-06,127.96243286132812
2023-01-09,128.4856414794922
2023-01-10,129.0582275390625
2023-01-11,131.78294372558594
2023-01-12,131.70396423339844
2023-01-13,133.0366668701172
2023-01-17,134.20159912109375
2023-01-18,133.48095703125
2023-01-19,133.54019165039062
2023-01-20,136.10691833496094
2023-01-23,139.3054962158203
2023-01-24,140.70733642578125
2023-01-25,140.04592895507812
2023-01-26,142.11904907226562
2023-01-27,144.06385803222656
2023-01-30,141.1713409423828
2023-01-31,142.44483947753906
2023-02-01,143.5702362060547
2023-02-02,148.891357421875
2023-02-03,152.5242462158203
2023-02-06,149.78968811035156
2023-02-07,152.67236328125
2023-02-08,149.9772491455078
2023-02-09,148.94068908691406
2023-02-10,149.3065185546875
2023-02-13,152.11447143554688
2023-02-14,151.47183227539062
2023-02-15,153.57777404785156
2023-02-16,151.97604370117188
2023-02-17,150.8291473388672
2023-02-21,146.8050537109375
2023-02-22,147.23019409179688
2023-02-23,147.7146759033203
2023-02-24,145.05502319335938
2023-02-27,146.25137329101562
2023-02-28,145.74710083007812
2023-03-01,143.6708221435547
2023-03-02,144.26405334472656
2023-03-03,149.3262939453125
2023-03-06,152.0947265625
2023-03-07,149.8898468017578
2023-03-08,151.1455078125
2023-03-09,148.89126586914062
2023-03-10,146.82484436035156
2023-03-13,148.77261352539062
2023-03-14,150.86866760253906
2023-03-15,151.26419067382812
2023-03-16,154.0919189453125
2023-03-17,153.25149536132812
2023-03-20,155.6244354248047
2023-03-21,157.48321533203125
2023-03-22,156.04957580566406
2023-03-23,157.1371612548828
2023-03-24,158.44229125976562
2023-03-27,156.4945068359375
2023-03-28,155.87161254882812
2023-03-29,158.95640563964844
2023-03-30,160.5284881591797
2023-03-31,163.03982543945312
2023-04-03,164.29550170898438
2023-04-04,163.7615966796875
2023-04-05,161.91268920898438
2023-04-06,162.80255126953125
2023-04-10,160.20220947265625
2023-04-11,158.986083984375
2023-04-12,158.29397583007812
2023-04-13,163.6923828125
2023-04-14,163.34632873535156
2023-04-17,163.36610412597656
2023-04-18,164.59213256835938
2023-04-19,165.73904418945312
2023-04-20,164.7700958251953
2023-04-21,163.1584930419922
2023-04-24,163.4649658203125
2023-04-25,161.92257690429688
2023-04-26,161.91268920898438
2023-04-27,166.51022338867188
2023-04-28,167.76589965820312
2023-05-01,167.6769256591797
2023-05-02,166.6387939453125
2023-05-03,165.56106567382812
2023-05-04,163.9197998046875
2023-05-05,171.61203002929688
2023-05-08,171.5428009033203
2023-05-09,169.83233642578125
2023-05-10,171.60214233398438
2023-05-11,171.78997802734375
2023-05-12,170.8593292236328
2023-05-15,170.36427307128906
2023-05-16,170.36427307128906
2023-05-17,170.9781036376953
2023-05-18,173.31472778320312
2023-05-19,173.4236297607422
2023-05-22,172.47314453125
2023-05-23,169.8592987060547
2023-05-24,170.1365203857422
2023-05-25,171.27516174316406
2023-05-26,173.6909637451172
2023-05-30,175.5424041748047
2023-05-31,175.492919921875
2023-06-01,178.3047637939453
2023-06-02,179.15623474121094
2023-06-05,177.79981994628906
2023-06-06,177.43348693847656
2023-06-07,176.05728149414062
2023-06-08,178.7799835205078
2023-06-09,179.16615295410156
2023-06-12,181.96807861328125
2023-06-13,181.4928436279297
2023-06-14,182.12649536132812
2023-06-15,184.16607666015625
2023-06-16,183.08688354492188
2023-06-20,183.1759796142578
2023-06-21,182.1363983154297
2023-06-22,185.14625549316406
2023-06-23,184.8294219970703
2023-06-26,183.43341064453125
2023-06-27,186.1957244873047
2023-06-28,187.37396240234375
2023-06-29,187.71058654785156
2023-06-30,192.0471649169922
2023-07-03,190.55215454101562
2023-07-05,189.43333435058594
2023-07-06,189.90859985351562
2023-07-07,188.78976440429688
2023-07-10,186.74032592773438
2023-07-11,186.215576171875
2023-07-12,187.8887939453125
2023-07-13,188.65115356445312
2023-07-14,188.79969787597656
2023-07-17,192.0669708251953
2023-07-18,191.8095245361328
2023-07-19,193.16598510742188
2023-07-20,191.21546936035156
2023-07-21,190.03729248046875
2023-07-24,190.83924865722656
2023-07-25,191.7006378173828
2023-07-26,192.5718994140625
2023-07-27,191.30462646484375
2023-07-28,193.88873291015625
2023-07-31,194.5026092529297
2023-08-01,193.67091369628906
2023-08-02,190.67095947265625
2023-08-03,189.27491760253906
2023-08-04,180.18594360351562
2023-08-07,177.07704162597656
2023-08-08,178.01763916015625
2023-08-09,176.423583984375
2023-08-10,176.20579528808594
2023-08-11,176.26527404785156
2023-08-14,177.92092895507812
2023-08-15,175.9281768798828
2023-08-16,175.05572509765625
2023-08-17,172.50778198242188
2023-08-18,172.9935760498047
2023-08-21,174.33197021484375
2023-08-22,175.71006774902344
2023-08-23,179.56671142578125
2023-08-24,174.8673858642578
2023-08-25,177.07823181152344
2023-08-28,178.6446990966797
2023-08-29,182.5409698486328
2023-08-30,186.04071044921875
2023-08-31,186.25881958007812
2023-09-01,187.83518981933594
2023-09-05,188.07308959960938
2023-09-06,181.3413543701172
2023-09-07,176.0372314453125
2023-09-08,176.65191650390625
2023-09-11,177.82180786132812
2023-09-12,174.78805541992188
2023-09-13,172.71597290039062
2023-09-14,174.23287963867188
2023-09-15,173.5091094970703
2023-09-18,176.4437255859375
2023-09-19,177.5343017578125
2023-09-20,173.9849853515625
2023-09-21,172.43838500976562
2023-09-22,173.2909698486328
2023-09-25,174.56993103027344
2023-09-26,170.4852752685547
2023-09-27,168.9683837890625
2023-09-28,169.2261505126953
2023-09-29,169.74169921875
2023-10-02,172.25991821289062
2023-10-03,170.92149353027344
2023-10-04,172.17068481445312
2023-10-05,173.4099578857422
2023-10-06,175.9678192138672
2023-10-09,177.45498657226562
2023-10-10,176.86012268066406
2023-10-11,178.25804138183594
2023-10-12,179.16021728515625
2023-10-13,177.31617736816406
2023-10-16,177.1873016357422
2023-10-17,175.63076782226562
2023-10-18,174.33197021484375
2023-10-19,173.9552764892578
2023-10-20,171.3973846435547
2023-10-23,171.51634216308594
2023-10-24,171.95257568359375
2023-10-25,169.6326446533203
2023-10-26,165.45875549316406
2023-10-27,166.77734375
2023-10-30,168.82957458496094
2023-10-31,169.3054656982422
2023-11-01,172.47801208496094
2023-11-02,176.04718017578125
2023-11-03,175.13502502441406
2023-11-06,177.69293212890625
2023-11-07,180.26071166992188
2023-11-08,181.321533203125
2023-11-09,180.84564208984375
2023-11-10,185.04489135742188
2023-11-13,183.45652770996094
2023-11-14,186.07733154296875
2023-11-15,186.64317321777344
2023-11-16,188.3308563232422
2023-11-17,188.3109588623047
2023-11-20,190.05816650390625
2023-11-21,189.2540740966797
2023-11-22,189.91920471191406
2023-11-24,188.5889434814453
2023-11-27,188.41024780273438
2023-11-28,189.0157928466797
2023-11-29,187.99330139160156
2023-11-30,188.569091796875
2023-12-01,189.84971618652344
2023-12-04,188.0528564453125
2023-12-05,192.0138702392578
2023-12-06,190.92185974121094
2023-12-07,192.85768127441406
2023-12-08,194.28724670410156
2023-12-11,191.77561950683594
2023-12-12,193.2944793701172
2023-12-13,196.52084350585938
2023-12-14,196.66976928710938
2023-12-15,196.13368225097656
2023-12-18,194.46591186523438
2023-12-19,195.50827026367188
2023-12-20,193.4136199951172
2023-12-21,193.2646942138672
2023-12-22,192.19256591796875
2023-12-26,191.64654541015625
2023-12-27,191.74581909179688
2023-12-28,192.1726837158203
2023-12-29,191.13034057617188
2024-01-02,184.29042053222656
2024-01-03,182.9105224609375
2024-01-04,180.58753967285156
2024-01-05,179.86285400390625
2024-01-08,184.21099853515625
2024-01-09,183.7940673828125
2024-01-10,184.83642578125
2024-01-11,184.24078369140625
2024-01-12,184.56838989257812
2024-01-16,182.2950439453125
2024-01-17,181.3519287109375
2024-01-18,187.2586669921875
2024-01-19,190.16738891601562
2024-01-22,192.48045349121094
2024-01-23,193.76107788085938
2024-01-24,193.08599853515625
2024-01-25,192.75839233398438
2024-01-26,191.0211181640625
2024-01-29,190.33615112304688
2024-01-30,186.6729736328125
2024-01-31,183.05941772460938
2024-02-01,185.5015411376953
2024-02-02,184.4989013671875
2024-02-05,186.3155975341797
2024-02-06,187.923828125
2024-02-07,188.0330047607422
2024-02-08,186.95095825195312
2024-02-09,187.71632385253906
2024-02-12,186.02651977539062
2024-02-13,183.92916870117188
2024-02-14,183.0445098876953
2024-02-15,182.75625610351562
2024-02-16,181.21556091308594
2024-02-20,180.47006225585938
2024-02-21,181.2255401611328
2024-02-22,183.26319885253906
2024-02-23,181.42431640625
2024-02-26,180.07247924804688
2024-02-27,181.53363037109375
2024-02-28,180.33091735839844
2024-02-29,179.66493225097656
2024-03-01,178.58148193359375
2024-03-04,174.04885864257812
2024-03-05,169.09873962402344
2024-03-06,168.10475158691406
2024-03-07,167.9854736328125
2024-03-08,169.705078125
2024-03-11,171.71295166015625
2024-03-12,172.19009399414062
2024-03-13,170.10267639160156
2024-03-14,171.96145629882812
2024-03-15,171.58372497558594
2024-03-18,172.67713928222656
2024-03-19,175.02297973632812
2024-03-20,177.597412109375
2024-03-21,170.3412322998047
2024-03-22,171.24578857421875
2024-03-25,169.82437133789062
2024-03-26,168.6912078857422
2024-03-27,172.2696075439453
2024-03-28,170.45057678222656
2024-04-01,169.00927734375
2024-04-02,167.82643127441406
2024-04-03,168.63156127929688
2024-04-04,167.8065643310547
2024-04-05,168.56198120117188
2024-04-08,167.4387664794922
2024-04-09,168.65145874023438
2024-04-10,166.77279663085938
2024-04-11,173.9892120361328
2024-04-12,175.49014282226562
2024-04-15,171.65330505371094
2024-04-16,168.36317443847656
2024-04-17,166.99147033691406
2024-04-18,166.03721618652344
2024-04-19,164.0094757080078
2024-04-22,164.8444366455078
2024-04-23,165.8980712890625
2024-04-24,168.00535583496094
2024-04-25,168.87014770507812
2024-04-26,168.28366088867188
2024-04-29,172.4584503173828
2024-04-30,169.3074951171875
2024-05-01,168.28366088867188
2024-05-02,171.99127197265625
2024-05-03,182.2791748046875
2024-05-06,180.61917114257812
2024-05-07,181.30503845214844
2024-05-08,181.6429901123047
2024-05-09,183.46202087402344
2024-05-10,182.1979217529297
2024-05-13,185.4128875732422
2024-05-14,186.55751037597656
2024-05-15,188.83688354492188
2024-05-16,188.95631408691406
2024-05-17,188.9861602783203
2024-05-20,190.15072631835938
2024-05-21,191.4546356201172
2024-05-22,190.01136779785156
2024-05-23,186.0100860595703
2024-05-24,189.0956573486328
2024-05-28,189.10562133789062
2024-05-29,189.4042205810547
2024-05-30,190.39956665039062
2024-05-31,191.3551025390625
2024-06-03,193.12681579589844
2024-06-04,193.44532775878906
2024-06-05,194.95823669433594
2024-06-06,193.57470703125
2024-06-07,195.97349548339844
2024-06-10,192.22103881835938
2024-06-11,206.18572998046875
2024-06-12,212.0782012939453
2024-06-13,213.24273681640625
2024-06-14,211.50086975097656
2024-06-17,215.6614227294922
2024-06-18,213.29248046875
2024-06-20,208.70396423339844
2024-06-21,206.52415466308594
2024-06-24,207.17112731933594
2024-06-25,208.0968017578125
2024-06-26,212.25733947753906
2024-06-27,213.1033935546875
2024-06-28,209.6395721435547
2024-07-01,215.7410430908203
2024-07-02,219.24465942382812
2024-07-03,220.51870727539062
2024-07-05,225.2864227294922
2024-07-08,226.75953674316406
2024-07-09,227.61550903320312
2024-07-10,231.8955078125
2024-07-11,226.5106964111328
2024-07-12,229.4668426513672
2024-07-15,233.3088836669922
2024-07-16,233.72695922851562
2024-07-17,227.81460571289062
2024-07-18,223.13645935058594
2024-07-19,223.26585388183594
2024-07-22,222.91751098632812
2024-07-23,223.96258544921875
2024-07-24,217.522705078125
2024-07-25,216.4776153564453
2024-07-26,216.94541931152344
2024-07-29,217.22412109375
2024-07-30,217.78152465820312
2024-07-31,221.04623413085938
2024-08-01,217.34356689453125
2024-08-02,218.83657836914062
2024-08-05,208.29586791992188
2024-08-06,206.26535034179688
2024-08-07,208.84332275390625
2024-08-08,212.3170623779297
2024-08-09,215.23342895507812
2024-08-12,216.76803588867188
2024-08-13,220.49493408203125
2024-08-14,220.943359375
2024-08-15,223.93284606933594
2024-08-16,225.25819396972656
2024-08-19,225.09873962402344
2024-08-20,225.71656799316406
2024-08-21,225.60696411132812
2024-08-22,223.74351501464844
2024-08-23,226.04542541503906
2024-08-26,226.3842315673828
2024-08-27,227.23126220703125
2024-08-28,225.6966552734375
2024-08-29,228.98507690429688
2024-08-30,228.19784545898438
2024-09-03,221.9896697998047
2024-09-04,220.07640075683594
2024-09-05,221.60104370117188
2024-09-06,220.0465087890625
2024-09-09,220.13619995117188
2024-09-10,219.3389892578125
2024-09-11,221.88006591796875
2024-09-12,221.9896697998047
2024-09-13,221.7206268310547
2024-09-16,215.56228637695312
2024-09-17,216.03060913085938
2024-09-18,219.91697692871094
2024-09-19,228.0683135986328
2024-09-20,227.40065002441406
2024-09-23,225.67672729492188
2024-09-24,226.57354736328125
2024-09-25,225.57705688476562
2024-09-26,226.72303771972656
2024-09-27,226.99208068847656
2024-09-30,232.18385314941406
2024-10-01,225.41763305664062
2024-10-02,225.98562622070312
2024-10-03,224.8795166015625
2024-10-04,226.00555419921875
2024-10-07,220.91346740722656
2024-10-08,224.97918701171875
2024-10-09,228.73594665527344
2024-10-10,228.23770141601562
2024-10-11,226.75294494628906
2024-10-14,230.48980712890625
2024-10-15,233.03086853027344
2024-10-16,230.96810913085938
2024-10-17,231.33682250976562
2024-10-18,234.1768341064453
2024-10-21,235.65164184570312
2024-10-22,235.03382873535156
2024-10-23,229.95169067382812
2024-10-24,229.76235961914062
2024-10-25,230.59942626953125
2024-10-28,232.5824432373047
2024-10-29,232.85150146484375
2024-10-30,229.29400634765625
2024-10-31,225.11868286132812
2024-11-01,222.12918090820312
2024-11-04,221.23233032226562
2024-11-05,222.66729736328125
2024-11-06,221.93984985351562
2024-11-07,226.6831817626953
2024-11-08,226.41383361816406
2024-11-11,223.69039916992188
2024-11-12,223.69039916992188
2024-11-13,224.5782470703125
2024-11-14,227.67079162597656
2024-11-15,224.4585418701172
2024-11-18,227.4712677001953
2024-11-19,227.73065185546875
2024-11-20,228.44891357421875
2024-11-21,227.97007751464844
2024-11-22,229.3168182373047
2024-11-25,232.30960083007812
2024-11-26,234.49432373046875
2024-11-27,234.36463928222656
2024-11-29,236.7588653564453
2024-12-02,239.013427734375
2024-12-03,242.06607055664062
2024-12-04,242.42520141601562
2024-12-05,242.4551239013672
2024-12-06,242.25559997558594
2024-12-09,246.1562042236328
2024-12-10,247.1737518310547
2024-12-11,245.89683532714844
2024-12-12,247.36329650878906
2024-12-13,247.5328826904297
2024-12-16,250.43588256835938
2024-12-17,252.8699951171875
2024-12-18,247.4530792236328
2024-12-19,249.1888885498047
2024-12-20,253.87759399414062
2024-12-23,254.6557159423828
2024-12-24,257.57867431640625
2024-12-26,258.39666748046875
2024-12-27,254.9749298095703
2024-12-30,251.59307861328125
